Plot Title: CM2SM				
#	"Date Time, GMT-07:00"	"Water Content, m³/m³ (LGR S/N: 21088752, SEN S/N: 20684002)"	"Water Content, m³/m³ (LGR S/N: 21088752, SEN S/N: 20684005)"	"Water Content, m³/m³ (LGR S/N: 21088752, SEN S/N: 20684009)"
1	7/6/2021 8:30	0.2374	0.0371	0.2857
2	7/6/2021 9:00	0.2374	0.0375	0.2853
3	7/6/2021 9:30	0.2379	0.0375	0.2853
4	7/6/2021 10:00	0.2374	0.0375	0.2853
5	7/6/2021 10:30	0.2374	0.0375	0.2857
6	7/6/2021 11:00	0.2374	0.0392	0.2853
7	7/6/2021 11:30	0.2371	0.0392	0.285
8	7/6/2021 12:00	0.2371	0.0401	0.2131
9	7/6/2021 12:30	0.2367	0.0405	0.2853
10	7/6/2021 13:00	0.2367	0.0405	0.2853
11	7/6/2021 13:30	0.2363	0.0405	0.2853
12	7/6/2021 14:00	0.2358	0.0421	0.2853
13	7/6/2021 14:30	0.2358	0.0421	0.285
14	7/6/2021 15:00	0.2351	0.0425	0.285
15	7/6/2021 15:30	0.2355	0.0425	0.285
16	7/6/2021 16:00	0.2351	0.0425	0.285
17	7/6/2021 16:30	0.2347	0.0425	0.199
18	7/6/2021 17:00	0.2344	0.0425	0.285
19	7/6/2021 17:30	0.2347	0.0425	0.285
20	7/6/2021 18:00	0.2344	0.0421	0.285
21	7/6/2021 18:30	0.2344	0.0413	0.285
22	7/6/2021 19:00	0.2344	0.0413	-0.46
23	7/6/2021 19:30	0.2344	0.0401	-0.46
24	7/6/2021 20:00	0.2344	0.0401	-0.46
25	7/6/2021 20:30	0.2344	0.0392	-0.4577
26	7/6/2021 21:00	0.2347	0.0384	0.2844
27	7/6/2021 21:30	0.2347	0.0375	-0.4737
28	7/6/2021 22:00	0.2347	0.0375	0.2844
29	7/6/2021 22:30	0.2344	0.0371	-0.4645
30	7/6/2021 23:00	0.2347	0.0371	0.2847
31	7/6/2021 23:30	0.2347	0.0363	0.2847
32	7/7/2021 0:00	0.2347	0.0371	0.2847
33	7/7/2021 0:30	0.2347	0.0363	0.2847
34	7/7/2021 1:00	0.2347	0.0354	0.2844
35	7/7/2021 1:30	0.2347	0.0363	0.2847
36	7/7/2021 2:00	0.2347	0.0354	0.2844
37	7/7/2021 2:30	0.2347	0.0354	0.2847
38	7/7/2021 3:00	0.2347	0.0354	0.2844
39	7/7/2021 3:30	0.2347	0.0354	0.2844
40	7/7/2021 4:00	0.2347	0.035	0.2844
41	7/7/2021 4:30	0.2347	0.035	0.2844
42	7/7/2021 5:00	0.2347	0.035	0.2844
43	7/7/2021 5:30	0.2347	0.035	0.2844
44	7/7/2021 6:00	0.2347	0.035	0.2844
45	7/7/2021 6:30	0.2347	0.0341	0.2844
46	7/7/2021 7:00	0.2351	0.0341	0.2844
47	7/7/2021 7:30	0.2351	0.0341	0.284
48	7/7/2021 8:00	0.2351	0.035	0.2844
49	7/7/2021 8:30	0.2351	0.035	0.2844
50	7/7/2021 9:00	0.2351	0.035	0.2844
51	7/7/2021 9:30	0.2355	0.0354	0.2847
52	7/7/2021 10:00	0.2351	0.0354	-0.3779
53	7/7/2021 10:30	0.2355	0.0363	-0.4248
54	7/7/2021 11:00	0.2351	0.0363	-0.4532
55	7/7/2021 11:30	0.2351	0.0371	-0.4668
56	7/7/2021 12:00	0.2351	0.0371	0.2844
57	7/7/2021 12:30	0.2347	0.0384	0.2542
58	7/7/2021 13:00	0.2344	0.0384	0.256
59	7/7/2021 13:30	0.2344	0.0392	0.2847
60	7/7/2021 14:00	0.2339	0.0392	0.2847
61	7/7/2021 14:30	0.2335	0.0401	0.2844
62	7/7/2021 15:00	0.2335	0.0405	0.2844
63	7/7/2021 15:30	0.2335	0.0405	0.2844
64	7/7/2021 16:00	0.233	0.0405	0.2844
65	7/7/2021 16:30	0.233	0.0405	-0.4737
66	7/7/2021 17:00	0.2327	0.0401	0.284
67	7/7/2021 17:30	0.2327	0.0405	0.2844
68	7/7/2021 18:00	0.2327	0.0401	-0.4737
69	7/7/2021 18:30	0.2327	0.0401	-0.4737
70	7/7/2021 19:00	0.2327	0.0392	0.2666
71	7/7/2021 19:30	0.2327	0.0375	0.268
72	7/7/2021 20:00	0.2327	0.0371	0.2705
73	7/7/2021 20:30	0.2327	0.0363	0.2739
74	7/7/2021 21:00	0.2327	0.0363	0.2837
75	7/7/2021 21:30	0.2327	0.0354	0.2837
76	7/7/2021 22:00	0.2327	0.0354	0.2837
77	7/7/2021 22:30	0.2327	0.0354	0.2837
78	7/7/2021 23:00	0.2323	0.0341	0.2834
79	7/7/2021 23:30	0.2327	0.0341	0.277
80	7/8/2021 0:00	0.2327	0.0341	0.2837
81	7/8/2021 0:30	0.2323	0.0332	0.2834
82	7/8/2021 1:00	0.2327	0.0332	0.2834
83	7/8/2021 1:30	0.2327	0.0332	0.2078
84	7/8/2021 2:00	0.2327	0.0328	0.2834
85	7/8/2021 2:30	0.2327	0.0328	0.2834
86	7/8/2021 3:00	0.2327	0.0328	0.2834
87	7/8/2021 3:30	0.2327	0.0328	0.2834
88	7/8/2021 4:00	0.2327	0.0319	0.2834
89	7/8/2021 4:30	0.2327	0.0328	0.283
90	7/8/2021 5:00	0.233	0.0319	0.283
91	7/8/2021 5:30	0.2327	0.0319	0.2834
92	7/8/2021 6:00	0.233	0.0319	0.2834
93	7/8/2021 6:30	0.2327	0.0319	0.2834
94	7/8/2021 7:00	0.2327	0.0319	0.2834
95	7/8/2021 7:30	0.233	0.0319	0.2834
96	7/8/2021 8:00	0.233	0.0319	0.2834
97	7/8/2021 8:30	0.233	0.0328	0.2834
98	7/8/2021 9:00	0.2335	0.0328	0.2834
99	7/8/2021 9:30	0.2335	0.0328	0.2837
100	7/8/2021 10:00	0.2335	0.0328	0.2837
101	7/8/2021 10:30	0.2335	0.0332	0.2837
102	7/8/2021 11:00	0.2335	0.0341	0.2837
103	7/8/2021 11:30	0.233	0.035	0.2837
104	7/8/2021 12:00	0.233	0.0354	0.2837
105	7/8/2021 12:30	0.233	0.0354	0.2834
106	7/8/2021 13:00	0.2327	0.0371	0.2837
107	7/8/2021 13:30	0.2327	0.0371	0.2834
108	7/8/2021 14:00	0.2323	0.0375	0.2834
109	7/8/2021 14:30	0.2323	0.0384	0.2834
110	7/8/2021 15:00	0.2318	0.0375	0.2834
111	7/8/2021 15:30	0.2315	0.0384	0.2834
112	7/8/2021 16:00	0.2315	0.0384	0.2834
113	7/8/2021 16:30	0.2315	0.0384	0.2834
114	7/8/2021 17:00	0.2311	0.0384	0.2834
115	7/8/2021 17:30	0.2315	0.0375	0.2834
116	7/8/2021 18:00	0.2311	0.0371	0.2834
117	7/8/2021 18:30	0.2311	0.0371	0.283
118	7/8/2021 19:00	0.2311	0.0371	0.283
119	7/8/2021 19:30	0.2311	0.0363	0.2827
120	7/8/2021 20:00	0.2311	0.0354	0.2827
121	7/8/2021 20:30	0.2311	0.0354	0.2827
122	7/8/2021 21:00	0.2311	0.035	0.2827
123	7/8/2021 21:30	0.2311	0.0341	0.2827
124	7/8/2021 22:00	0.2311	0.0332	0.2827
125	7/8/2021 22:30	0.2311	0.0332	0.2827
126	7/8/2021 23:00	0.2311	0.0328	0.2824
127	7/8/2021 23:30	0.2311	0.0328	0.2827
128	7/9/2021 0:00	0.2311	0.0328	0.2827
129	7/9/2021 0:30	0.2311	0.0319	0.2824
130	7/9/2021 1:00	0.2311	0.031	0.2824
131	7/9/2021 1:30	0.2311	0.031	0.2824
132	7/9/2021 2:00	0.2311	0.031	0.2824
133	7/9/2021 2:30	0.2311	0.031	0.2824
134	7/9/2021 3:00	0.2311	0.0306	0.2824
135	7/9/2021 3:30	0.2315	0.0306	0.2821
136	7/9/2021 4:00	0.2315	0.0306	0.2824
137	7/9/2021 4:30	0.2315	0.0306	0.2821
138	7/9/2021 5:00	0.2315	0.0297	0.2824
139	7/9/2021 5:30	0.2311	0.0297	0.2824
140	7/9/2021 6:00	0.2311	0.0306	0.2824
141	7/9/2021 6:30	0.2315	0.0297	0.2824
142	7/9/2021 7:00	0.2311	0.0306	0.2824
143	7/9/2021 7:30	0.2315	0.0306	0.2824
144	7/9/2021 8:00	0.2315	0.0306	0.2824
145	7/9/2021 8:30	0.2318	0.0306	0.2824
146	7/9/2021 9:00	0.2318	0.0306	0.2824
147	7/9/2021 9:30	0.2318	0.031	0.2827
148	7/9/2021 10:00	0.2318	0.031	0.2827
149	7/9/2021 10:30	0.2318	0.0319	0.2827
150	7/9/2021 11:00	0.2315	0.0319	0.2827
151	7/9/2021 11:30	0.2318	0.0328	0.2824
152	7/9/2021 12:00	0.2315	0.0332	0.2827
153	7/9/2021 12:30	0.2315	0.0341	0.2824
154	7/9/2021 13:00	0.2311	0.035	0.2827
155	7/9/2021 13:30	0.2311	0.035	0.2827
156	7/9/2021 14:00	0.2311	0.0363	0.2824
157	7/9/2021 14:30	0.2306	0.0363	0.2824
158	7/9/2021 15:00	0.2303	0.0363	0.2824
159	7/9/2021 15:30	0.2306	0.0371	0.2824
160	7/9/2021 16:00	0.2303	0.0371	0.2824
161	7/9/2021 16:30	0.2303	0.0371	0.2824
162	7/9/2021 17:00	0.2299	0.0371	0.2824
163	7/9/2021 17:30	0.2299	0.0363	0.2824
164	7/9/2021 18:00	0.2299	0.0363	0.2824
165	7/9/2021 18:30	0.2299	0.0354	0.2821
166	7/9/2021 19:00	0.2299	0.035	0.2821
167	7/9/2021 19:30	0.2299	0.0341	0.2821
168	7/9/2021 20:00	0.2299	0.0341	0.2817
169	7/9/2021 20:30	0.2299	0.0332	0.2817
170	7/9/2021 21:00	0.2299	0.0332	0.2817
171	7/9/2021 21:30	0.2299	0.0319	0.2817
172	7/9/2021 22:00	0.2299	0.0319	0.2813
173	7/9/2021 22:30	0.2299	0.0319	0.2817
174	7/9/2021 23:00	0.2299	0.031	0.2817
175	7/9/2021 23:30	0.2299	0.031	0.2813
176	7/10/2021 0:00	0.2299	0.0306	0.2817
177	7/10/2021 0:30	0.2299	0.0306	0.2817
178	7/10/2021 1:00	0.2299	0.0306	0.2817
179	7/10/2021 1:30	0.2299	0.0297	0.2817
180	7/10/2021 2:00	0.2299	0.0297	0.2817
181	7/10/2021 2:30	0.2299	0.0297	0.2817
182	7/10/2021 3:00	0.2299	0.0297	0.2813
183	7/10/2021 3:30	0.2299	0.0288	0.2817
184	7/10/2021 4:00	0.2299	0.0288	0.2813
185	7/10/2021 4:30	0.2303	0.0288	0.2813
186	7/10/2021 5:00	0.2299	0.0288	0.2813
187	7/10/2021 5:30	0.2303	0.0288	0.2813
188	7/10/2021 6:00	0.2299	0.0283	0.2813
189	7/10/2021 6:30	0.2299	0.0288	0.2813
190	7/10/2021 7:00	0.2303	0.0283	0.2813
191	7/10/2021 7:30	0.2299	0.0283	0.2813
192	7/10/2021 8:00	0.2299	0.0283	0.2813
193	7/10/2021 8:30	0.2303	0.0288	0.2813
194	7/10/2021 9:00	0.2303	0.0288	0.2817
195	7/10/2021 9:30	0.2303	0.0288	0.2813
196	7/10/2021 10:00	0.2303	0.0297	0.2817
197	7/10/2021 10:30	0.2303	0.0306	0.2817
198	7/10/2021 11:00	0.2303	0.0306	0.2813
199	7/10/2021 11:30	0.2303	0.031	0.2817
200	7/10/2021 12:00	0.2303	0.0319	0.2817
201	7/10/2021 12:30	0.2299	0.0319	0.2817
202	7/10/2021 13:00	0.2299	0.0328	0.2817
203	7/10/2021 13:30	0.2294	0.0332	0.2817
204	7/10/2021 14:00	0.2291	0.0341	0.2813
205	7/10/2021 14:30	0.2291	0.035	0.2817
206	7/10/2021 15:00	0.2291	0.0341	0.2813
207	7/10/2021 15:30	0.2291	0.035	0.2813
208	7/10/2021 16:00	0.2291	0.035	0.2813
209	7/10/2021 16:30	0.2291	0.035	0.2813
210	7/10/2021 17:00	0.2286	0.035	0.281
211	7/10/2021 17:30	0.2286	0.035	0.281
212	7/10/2021 18:00	0.2282	0.0341	0.281
213	7/10/2021 18:30	0.2282	0.0341	0.2806
214	7/10/2021 19:00	0.2282	0.0332	0.281
215	7/10/2021 19:30	0.2286	0.0328	0.2806
216	7/10/2021 20:00	0.2282	0.0328	0.2806
217	7/10/2021 20:30	0.2282	0.031	0.2806
218	7/10/2021 21:00	0.2277	0.031	0.2806
219	7/10/2021 21:30	0.2282	0.0306	0.2806
220	7/10/2021 22:00	0.2286	0.0306	0.2806
221	7/10/2021 22:30	0.2282	0.0297	0.2806
222	7/10/2021 23:00	0.2282	0.0297	0.2806
223	7/10/2021 23:30	0.2282	0.0288	0.2806
224	7/11/2021 0:00	0.2286	0.0288	0.2806
225	7/11/2021 0:30	0.2282	0.0288	0.2806
226	7/11/2021 1:00	0.2282	0.0283	0.2803
227	7/11/2021 1:30	0.2282	0.0283	0.2803
228	7/11/2021 2:00	0.2282	0.0274	0.2803
229	7/11/2021 2:30	0.2282	0.0274	0.2806
230	7/11/2021 3:00	0.2286	0.0274	0.2806
231	7/11/2021 3:30	0.2282	0.0274	0.2806
232	7/11/2021 4:00	0.2286	0.0274	0.2806
233	7/11/2021 4:30	0.2282	0.027	0.2806
234	7/11/2021 5:00	0.2282	0.0274	0.2806
235	7/11/2021 5:30	0.2282	0.0274	0.2803
236	7/11/2021 6:00	0.2282	0.027	0.2803
237	7/11/2021 6:30	0.2286	0.027	0.2803
238	7/11/2021 7:00	0.2282	0.027	0.2803
239	7/11/2021 7:30	0.2282	0.027	0.2806
240	7/11/2021 8:00	0.2286	0.027	0.2806
241	7/11/2021 8:30	0.2286	0.027	0.2803
242	7/11/2021 9:00	0.2291	0.0274	0.2803
243	7/11/2021 9:30	0.2286	0.0274	0.2806
244	7/11/2021 10:00	0.2286	0.0283	0.2806
245	7/11/2021 10:30	0.2291	0.0283	0.2806
246	7/11/2021 11:00	0.2291	0.0283	0.2806
247	7/11/2021 11:30	0.2286	0.0297	0.2806
248	7/11/2021 12:00	0.2286	0.0306	0.2803
249	7/11/2021 12:30	0.2286	0.0306	0.2806
250	7/11/2021 13:00	0.2282	0.031	0.2803
251	7/11/2021 13:30	0.2282	0.031	0.2803
252	7/11/2021 14:00	0.2277	0.0328	0.2803
253	7/11/2021 14:30	0.2277	0.0328	0.2803
254	7/11/2021 15:00	0.2277	0.0332	0.2803
255	7/11/2021 15:30	0.2274	0.0332	0.2803
256	7/11/2021 16:00	0.2274	0.0332	0.2803
257	7/11/2021 16:30	0.2274	0.0332	0.2803
258	7/11/2021 17:00	0.2269	0.0332	0.2803
259	7/11/2021 17:30	0.2269	0.0328	0.28
260	7/11/2021 18:00	0.2274	0.0328	0.2803
261	7/11/2021 18:30	0.2269	0.0319	0.28
262	7/11/2021 19:00	0.2266	0.0319	0.28
263	7/11/2021 19:30	0.2269	0.0306	0.28
264	7/11/2021 20:00	0.2269	0.0306	0.28
265	7/11/2021 20:30	0.2266	0.0297	0.2796
266	7/11/2021 21:00	0.2266	0.0288	0.2796
267	7/11/2021 21:30	0.2266	0.0283	0.2796
268	7/11/2021 22:00	0.2269	0.0283	0.2796
269	7/11/2021 22:30	0.2269	0.0274	0.2796
270	7/11/2021 23:00	0.2269	0.0274	0.2796
271	7/11/2021 23:30	0.2266	0.0274	0.2793
272	7/12/2021 0:00	0.2266	0.027	0.2796
273	7/12/2021 0:30	0.2266	0.0261	0.2796
274	7/12/2021 1:00	0.2266	0.0261	0.2796
275	7/12/2021 1:30	0.2269	0.0261	0.2793
276	7/12/2021 2:00	0.2269	0.0261	0.2793
277	7/12/2021 2:30	0.2266	0.0261	0.2796
278	7/12/2021 3:00	0.2269	0.0252	0.2796
279	7/12/2021 3:30	0.2269	0.0252	0.2793
280	7/12/2021 4:00	0.2269	0.0252	0.2796
281	7/12/2021 4:30	0.2269	0.0247	0.2793
282	7/12/2021 5:00	0.2269	0.0252	0.2793
283	7/12/2021 5:30	0.2266	0.0252	0.2793
284	7/12/2021 6:00	0.2266	0.0247	0.2793
285	7/12/2021 6:30	0.2269	0.0247	0.2793
286	7/12/2021 7:00	0.2269	0.0247	0.2793
287	7/12/2021 7:30	0.2269	0.0247	0.2793
288	7/12/2021 8:00	0.2269	0.0247	0.2796
289	7/12/2021 8:30	0.2269	0.0247	0.2793
290	7/12/2021 9:00	0.2274	0.0252	0.2796
291	7/12/2021 9:30	0.2269	0.0252	0.2796
292	7/12/2021 10:00	0.2274	0.0252	0.2796
293	7/12/2021 10:30	0.2274	0.0261	0.2793
294	7/12/2021 11:00	0.2274	0.027	0.2796
295	7/12/2021 11:30	0.2274	0.0274	0.2793
296	7/12/2021 12:00	0.2269	0.0283	0.2793
297	7/12/2021 12:30	0.2269	0.0288	0.2796
298	7/12/2021 13:00	0.2266	0.0297	0.2793
299	7/12/2021 13:30	0.2269	0.0297	0.2793
300	7/12/2021 14:00	0.2266	0.0306	0.2793
301	7/12/2021 14:30	0.2262	0.031	0.279
302	7/12/2021 15:00	0.2262	0.0306	0.2793
303	7/12/2021 15:30	0.2262	0.031	0.2793
304	7/12/2021 16:00	0.2262	0.031	0.2793
305	7/12/2021 16:30	0.2257	0.031	0.2793
306	7/12/2021 17:00	0.2257	0.031	0.2793
307	7/12/2021 17:30	0.2262	0.031	0.279
308	7/12/2021 18:00	0.2257	0.0306	0.279
309	7/12/2021 18:30	0.2257	0.0297	0.279
310	7/12/2021 19:00	0.2257	0.0288	0.279
311	7/12/2021 19:30	0.2257	0.0283	0.2786
312	7/12/2021 20:00	0.2257	0.0283	0.2786
313	7/12/2021 20:30	0.2257	0.0274	0.2786
314	7/12/2021 21:00	0.2257	0.027	0.2786
315	7/12/2021 21:30	0.2257	0.0261	0.2786
316	7/12/2021 22:00	0.2254	0.0261	0.2786
317	7/12/2021 22:30	0.2257	0.0252	0.2786
318	7/12/2021 23:00	0.2254	0.0252	0.2786
319	7/12/2021 23:30	0.2257	0.0252	0.2783
320	7/13/2021 0:00	0.2254	0.0247	0.2786
321	7/13/2021 0:30	0.2257	0.0247	0.2783
322	7/13/2021 1:00	0.2257	0.0247	0.2786
323	7/13/2021 1:30	0.2254	0.0247	0.2783
324	7/13/2021 2:00	0.2254	0.0238	0.2786
325	7/13/2021 2:30	0.2254	0.0228	0.2786
326	7/13/2021 3:00	0.2257	0.0238	0.2786
327	7/13/2021 3:30	0.2257	0.0228	0.2783
328	7/13/2021 4:00	0.2257	0.0228	0.2786
329	7/13/2021 4:30	0.2254	0.0228	0.2783
330	7/13/2021 5:00	0.2254	0.0228	0.2783
331	7/13/2021 5:30	0.2257	0.0224	0.2783
332	7/13/2021 6:00	0.2257	0.0224	0.2783
333	7/13/2021 6:30	0.2257	0.0224	0.2783
334	7/13/2021 7:00	0.2257	0.0228	0.278
335	7/13/2021 7:30	0.2257	0.0224	0.2783
336	7/13/2021 8:00	0.2257	0.0224	0.2783
337	7/13/2021 8:30	0.2257	0.0228	0.2783
338	7/13/2021 9:00	0.2257	0.0228	0.2783
339	7/13/2021 9:30	0.2262	0.0238	0.2783
340	7/13/2021 10:00	0.2262	0.0238	0.2783
341	7/13/2021 10:30	0.2262	0.0238	0.2783
342	7/13/2021 11:00	0.2262	0.0247	0.2783
343	7/13/2021 11:30	0.2262	0.0247	0.2783
344	7/13/2021 12:00	0.2262	0.0252	0.2783
345	7/13/2021 12:30	0.2257	0.027	0.278
346	7/13/2021 13:00	0.2254	0.0274	0.2783
347	7/13/2021 13:30	0.2257	0.0274	0.2783
348	7/13/2021 14:00	0.2257	0.0283	0.2783
349	7/13/2021 14:30	0.2254	0.0283	0.2783
350	7/13/2021 15:00	0.2254	0.0288	0.278
351	7/13/2021 15:30	0.2249	0.0288	0.2783
352	7/13/2021 16:00	0.2249	0.0297	0.2783
353	7/13/2021 16:30	0.2249	0.0297	0.278
354	7/13/2021 17:00	0.2249	0.0288	0.278
355	7/13/2021 17:30	0.2249	0.0288	0.2776
356	7/13/2021 18:00	0.2249	0.0283	0.2776
357	7/13/2021 18:30	0.2249	0.0283	0.2776
358	7/13/2021 19:00	0.2249	0.0274	0.2776
359	7/13/2021 19:30	0.2245	0.027	0.2776
360	7/13/2021 20:00	0.2245	0.027	0.2776
361	7/13/2021 20:30	0.2249	0.0261	0.2776
362	7/13/2021 21:00	0.2245	0.0252	0.2776
363	7/13/2021 21:30	0.2249	0.0252	0.2776
364	7/13/2021 22:00	0.2245	0.0247	0.2773
365	7/13/2021 22:30	0.2245	0.0247	0.2773
366	7/13/2021 23:00	0.2245	0.0238	0.2773
367	7/13/2021 23:30	0.2245	0.0238	0.2773
368	7/14/2021 0:00	0.2245	0.0238	0.2776
369	7/14/2021 0:30	0.2245	0.0228	0.2773
370	7/14/2021 1:00	0.2241	0.0228	0.2773
371	7/14/2021 1:30	0.2245	0.0224	0.2773
372	7/14/2021 2:00	0.2245	0.0224	0.2773
373	7/14/2021 2:30	0.2245	0.0224	0.2773
374	7/14/2021 3:00	0.2245	0.0214	0.277
375	7/14/2021 3:30	0.2249	0.0214	0.2773
376	7/14/2021 4:00	0.2245	0.0205	0.2773
377	7/14/2021 4:30	0.2245	0.0205	0.2773
378	7/14/2021 5:00	0.2245	0.0214	0.277
379	7/14/2021 5:30	0.2245	0.0205	0.2773
380	7/14/2021 6:00	0.2245	0.0205	0.2773
381	7/14/2021 6:30	0.2245	0.0205	0.2773
382	7/14/2021 7:00	0.2245	0.0205	0.277
383	7/14/2021 7:30	0.2245	0.0205	0.2773
384	7/14/2021 8:00	0.2249	0.0205	0.2773
385	7/14/2021 8:30	0.2249	0.0205	0.2773
386	7/14/2021 9:00	0.2249	0.0205	0.2773
387	7/14/2021 9:30	0.2254	0.0205	0.2773
388	7/14/2021 10:00	0.2249	0.0214	0.277
389	7/14/2021 10:30	0.2254	0.0224	0.277
390	7/14/2021 11:00	0.2254	0.0224	0.277
391	7/14/2021 11:30	0.2254	0.0228	0.2773
392	7/14/2021 12:00	0.2249	0.0238	0.2773
393	7/14/2021 12:30	0.2249	0.0238	0.2773
394	7/14/2021 13:00	0.2249	0.0247	0.277
395	7/14/2021 13:30	0.2249	0.0247	0.277
396	7/14/2021 14:00	0.2249	0.0252	0.277
397	7/14/2021 14:30	0.2245	0.0261	0.277
398	7/14/2021 15:00	0.2245	0.027	0.277
399	7/14/2021 15:30	0.2245	0.027	0.277
400	7/14/2021 16:00	0.2241	0.027	0.277
401	7/14/2021 16:30	0.2241	0.0274	0.2766
402	7/14/2021 17:00	0.2245	0.0274	0.2766
403	7/14/2021 17:30	0.2245	0.027	0.2766
404	7/14/2021 18:00	0.2245	0.027	0.2766
405	7/14/2021 18:30	0.2241	0.0261	0.2766
406	7/14/2021 19:00	0.2241	0.0252	0.2766
407	7/14/2021 19:30	0.2241	0.0252	0.2763
408	7/14/2021 20:00	0.2241	0.0247	0.2763
409	7/14/2021 20:30	0.2241	0.0238	0.2763
410	7/14/2021 21:00	0.2241	0.0238	0.2763
411	7/14/2021 21:30	0.2241	0.0238	0.2763
412	7/14/2021 22:00	0.2241	0.0228	0.2763
413	7/14/2021 22:30	0.2241	0.0228	0.2759
414	7/14/2021 23:00	0.2241	0.0224	0.2763
415	7/14/2021 23:30	0.2237	0.0214	0.2763
416	7/15/2021 0:00	0.2237	0.0214	0.2759
417	7/15/2021 0:30	0.2237	0.0205	0.2763
418	7/15/2021 1:00	0.2237	0.0205	0.2759
419	7/15/2021 1:30	0.2241	0.0205	0.2759
420	7/15/2021 2:00	0.2241	0.0205	0.2763
421	7/15/2021 2:30	0.2241	0.02	0.2759
422	7/15/2021 3:00	0.2241	0.02	0.2759
423	7/15/2021 3:30	0.2237	0.02	0.2759
424	7/15/2021 4:00	0.2241	0.02	0.2763
425	7/15/2021 4:30	0.2241	0.02	0.2759
426	7/15/2021 5:00	0.2237	0.019	0.2759
427	7/15/2021 5:30	0.2237	0.019	0.2759
428	7/15/2021 6:00	0.2241	0.019	0.2759
429	7/15/2021 6:30	0.2241	0.0186	0.2759
430	7/15/2021 7:00	0.2241	0.019	0.2759
431	7/15/2021 7:30	0.2241	0.019	0.2759
432	7/15/2021 8:00	0.2245	0.019	0.2759
433	7/15/2021 8:30	0.2245	0.019	0.2759
434	7/15/2021 9:00	0.2245	0.019	0.2759
435	7/15/2021 9:30	0.2245	0.02	0.2759
436	7/15/2021 10:00	0.2245	0.02	0.2759
437	7/15/2021 10:30	0.2245	0.0205	0.2759
438	7/15/2021 11:00	0.2245	0.0205	0.2759
439	7/15/2021 11:30	0.2245	0.0214	0.2759
440	7/15/2021 12:00	0.2241	0.0224	0.2759
441	7/15/2021 12:30	0.2245	0.0228	0.2759
442	7/15/2021 13:00	0.2245	0.0238	0.2759
443	7/15/2021 13:30	0.2245	0.0247	0.2759
444	7/15/2021 14:00	0.2241	0.0247	0.2759
445	7/15/2021 14:30	0.2241	0.0261	0.2759
446	7/15/2021 15:00	0.2241	0.0261	0.2756
447	7/15/2021 15:30	0.2241	0.0261	0.2756
448	7/15/2021 16:00	0.2237	0.027	0.2759
449	7/15/2021 16:30	0.2237	0.027	0.2756
450	7/15/2021 17:00	0.2237	0.0261	0.2756
451	7/15/2021 17:30	0.2241	0.027	0.2756
452	7/15/2021 18:00	0.2237	0.0261	0.2756
453	7/15/2021 18:30	0.2241	0.0252	0.2753
454	7/15/2021 19:00	0.2237	0.0252	0.2753
455	7/15/2021 19:30	0.2237	0.0247	0.2753
456	7/15/2021 20:00	0.2237	0.0238	0.2753
457	7/15/2021 20:30	0.2237	0.0238	0.2753
458	7/15/2021 21:00	0.2237	0.0228	0.2749
459	7/15/2021 21:30	0.2232	0.0228	0.2749
460	7/15/2021 22:00	0.2232	0.0214	0.2753
461	7/15/2021 22:30	0.2237	0.0214	0.2753
462	7/15/2021 23:00	0.2232	0.0214	0.2753
463	7/15/2021 23:30	0.2232	0.0214	0.2749
464	7/16/2021 0:00	0.2232	0.0205	0.2753
465	7/16/2021 0:30	0.2232	0.0205	0.2753
466	7/16/2021 1:00	0.2237	0.02	0.2753
467	7/16/2021 1:30	0.2232	0.02	0.2749
468	7/16/2021 2:00	0.2232	0.019	0.2753
469	7/16/2021 2:30	0.2232	0.019	0.2749
470	7/16/2021 3:00	0.2232	0.019	0.2749
471	7/16/2021 3:30	0.2232	0.019	0.2749
472	7/16/2021 4:00	0.2232	0.019	0.2749
473	7/16/2021 4:30	0.2237	0.0186	0.2749
474	7/16/2021 5:00	0.2232	0.0186	0.2749
475	7/16/2021 5:30	0.2237	0.0186	0.2749
476	7/16/2021 6:00	0.2237	0.0186	0.2749
477	7/16/2021 6:30	0.2237	0.0186	0.2749
478	7/16/2021 7:00	0.2237	0.0186	0.2749
479	7/16/2021 7:30	0.2237	0.0186	0.2749
480	7/16/2021 8:00	0.2237	0.0186	0.2746
481	7/16/2021 8:30	0.2241	0.0186	0.2749
482	7/16/2021 9:00	0.2237	0.019	0.2753
483	7/16/2021 9:30	0.2241	0.019	0.2753
484	7/16/2021 10:00	0.2241	0.02	0.2749
485	7/16/2021 10:30	0.2245	0.02	0.2749
486	7/16/2021 11:00	0.2241	0.02	0.2749
487	7/16/2021 11:30	0.2245	0.0205	0.2749
488	7/16/2021 12:00	0.2241	0.0214	0.2749
489	7/16/2021 12:30	0.2241	0.0224	0.2749
490	7/16/2021 13:00	0.2241	0.0228	0.2749
491	7/16/2021 13:30	0.2241	0.0228	0.2746
492	7/16/2021 14:00	0.2241	0.0238	0.2749
493	7/16/2021 14:30	0.2237	0.0247	0.2749
494	7/16/2021 15:00	0.2237	0.0252	0.2749
495	7/16/2021 15:30	0.2237	0.0252	0.2749
496	7/16/2021 16:00	0.2237	0.0261	0.2746
497	7/16/2021 16:30	0.2237	0.0261	0.2746
498	7/16/2021 17:00	0.2232	0.0252	0.2746
499	7/16/2021 17:30	0.2232	0.0252	0.2743
500	7/16/2021 18:00	0.2237	0.0252	0.2746
501	7/16/2021 18:30	0.2232	0.0247	0.2743
502	7/16/2021 19:00	0.2232	0.0238	0.2743
503	7/16/2021 19:30	0.2232	0.0238	0.2743
504	7/16/2021 20:00	0.2232	0.0228	0.2739
505	7/16/2021 20:30	0.2232	0.0228	0.2743
506	7/16/2021 21:00	0.2232	0.0224	0.2739
507	7/16/2021 21:30	0.2232	0.0214	0.2739
508	7/16/2021 22:00	0.2232	0.0214	0.2739
509	7/16/2021 22:30	0.2232	0.0214	0.2743
510	7/16/2021 23:00	0.2232	0.0205	0.2739
511	7/16/2021 23:30	0.2232	0.02	0.2743
512	7/17/2021 0:00	0.2229	0.02	0.2739
513	7/17/2021 0:30	0.2229	0.019	0.2739
514	7/17/2021 1:00	0.2229	0.02	0.2739
515	7/17/2021 1:30	0.2232	0.019	0.2739
516	7/17/2021 2:00	0.2232	0.019	0.2739
517	7/17/2021 2:30	0.2232	0.019	0.2739
518	7/17/2021 3:00	0.2232	0.0186	0.2739
519	7/17/2021 3:30	0.2229	0.0186	0.2739
520	7/17/2021 4:00	0.2232	0.0186	0.2739
521	7/17/2021 4:30	0.2232	0.0186	0.2739
522	7/17/2021 5:00	0.2232	0.0186	0.2739
523	7/17/2021 5:30	0.2229	0.0186	0.2739
524	7/17/2021 6:00	0.2229	0.0176	0.2739
525	7/17/2021 6:30	0.2229	0.0176	0.2739
526	7/17/2021 7:00	0.2232	0.0176	0.2739
527	7/17/2021 7:30	0.2232	0.0176	0.2739
528	7/17/2021 8:00	0.2232	0.0176	0.2736
529	7/17/2021 8:30	0.2232	0.0176	0.2736
530	7/17/2021 9:00	0.2232	0.0176	0.2739
531	7/17/2021 9:30	0.2232	0.0186	0.2739
532	7/17/2021 10:00	0.2232	0.0186	0.2736
533	7/17/2021 10:30	0.2232	0.019	0.2736
534	7/17/2021 11:00	0.2241	0.02	0.2736
535	7/17/2021 11:30	0.2237	0.0205	0.2736
536	7/17/2021 12:00	0.2237	0.0205	0.2739
537	7/17/2021 12:30	0.2232	0.0224	0.2739
538	7/17/2021 13:00	0.2232	0.0224	0.2739
539	7/17/2021 13:30	0.2232	0.0228	0.2739
540	7/17/2021 14:00	0.2232	0.0238	0.2736
541	7/17/2021 14:30	0.2229	0.0247	0.2739
542	7/17/2021 15:00	0.2229	0.0247	0.2736
543	7/17/2021 15:30	0.2229	0.0247	0.2736
544	7/17/2021 16:00	0.2232	0.0252	0.2736
545	7/17/2021 16:30	0.2229	0.0261	0.2736
546	7/17/2021 17:00	0.2229	0.0252	0.2736
547	7/17/2021 17:30	0.2229	0.0252	0.2736
548	7/17/2021 18:00	0.2229	0.0247	0.2732
549	7/17/2021 18:30	0.2224	0.0247	0.2729
550	7/17/2021 19:00	0.2224	0.0238	0.2729
551	7/17/2021 19:30	0.2224	0.0238	0.2729
552	7/17/2021 20:00	0.2229	0.0228	0.2732
553	7/17/2021 20:30	0.2224	0.0224	0.2729
554	7/17/2021 21:00	0.2224	0.0214	0.2729
555	7/17/2021 21:30	0.2229	0.0205	0.2729
556	7/17/2021 22:00	0.2224	0.0205	0.2729
557	7/17/2021 22:30	0.2224	0.02	0.2729
558	7/17/2021 23:00	0.2219	0.02	0.2729
559	7/17/2021 23:30	0.2224	0.02	0.2729
560	7/18/2021 0:00	0.2224	0.019	0.2729
561	7/18/2021 0:30	0.2219	0.019	0.2729
562	7/18/2021 1:00	0.2224	0.019	0.2726
563	7/18/2021 1:30	0.2224	0.0186	0.2726
564	7/18/2021 2:00	0.2224	0.0186	0.2729
565	7/18/2021 2:30	0.2224	0.0186	0.2729
566	7/18/2021 3:00	0.2224	0.0186	0.2729
567	7/18/2021 3:30	0.2224	0.0176	0.2729
568	7/18/2021 4:00	0.2224	0.0176	0.2726
569	7/18/2021 4:30	0.2224	0.0176	0.2729
570	7/18/2021 5:00	0.2224	0.0176	0.2729
571	7/18/2021 5:30	0.2224	0.0166	0.2729
572	7/18/2021 6:00	0.2224	0.0166	0.2729
573	7/18/2021 6:30	0.2229	0.0166	0.2729
574	7/18/2021 7:00	0.2224	0.0166	0.2729
575	7/18/2021 7:30	0.2229	0.0166	0.2729
576	7/18/2021 8:00	0.2229	0.0166	0.2729
577	7/18/2021 8:30	0.2229	0.0166	0.2729
578	7/18/2021 9:00	0.2229	0.0176	0.2729
579	7/18/2021 9:30	0.2229	0.0176	0.2726
580	7/18/2021 10:00	0.2232	0.0186	0.2729
581	7/18/2021 10:30	0.2232	0.0186	0.2729
582	7/18/2021 11:00	0.2232	0.019	0.2729
583	7/18/2021 11:30	0.2229	0.02	0.2729
584	7/18/2021 12:00	0.2229	0.0205	0.2726
585	7/18/2021 12:30	0.2229	0.0205	0.2726
586	7/18/2021 13:00	0.2229	0.0214	0.2726
587	7/18/2021 13:30	0.2229	0.0224	0.2726
588	7/18/2021 14:00	0.2224	0.0224	0.2726
589	7/18/2021 14:30	0.2229	0.0228	0.2726
590	7/18/2021 15:00	0.2229	0.0238	0.2726
591	7/18/2021 15:30	0.2224	0.0238	0.2726
592	7/18/2021 16:00	0.2224	0.0247	0.2722
593	7/18/2021 16:30	0.2224	0.0247	0.2726
594	7/18/2021 17:00	0.2219	0.0247	0.2722
595	7/18/2021 17:30	0.2219	0.0247	0.2719
596	7/18/2021 18:00	0.2224	0.0247	0.2719
597	7/18/2021 18:30	0.2219	0.0238	0.2719
598	7/18/2021 19:00	0.2219	0.0228	0.2715
599	7/18/2021 19:30	0.2219	0.0224	0.2715
600	7/18/2021 20:00	0.2224	0.0228	0.2719
601	7/18/2021 20:30	0.2219	0.0224	0.2719
602	7/18/2021 21:00	0.2219	0.0214	0.2715
603	7/18/2021 21:30	0.2219	0.0214	0.2719
604	7/18/2021 22:00	0.2219	0.0205	0.2715
605	7/18/2021 22:30	0.2219	0.02	0.2715
606	7/18/2021 23:00	0.2219	0.02	0.2719
607	7/18/2021 23:30	0.2219	0.019	0.2715
608	7/19/2021 0:00	0.2219	0.019	0.2715
609	7/19/2021 0:30	0.2216	0.019	0.2715
610	7/19/2021 1:00	0.2216	0.019	0.2715
611	7/19/2021 1:30	0.2219	0.019	0.2719
612	7/19/2021 2:00	0.2219	0.019	0.2719
613	7/19/2021 2:30	0.2219	0.0186	0.2715
614	7/19/2021 3:00	0.2219	0.0186	0.2719
615	7/19/2021 3:30	0.2219	0.0176	0.2715
616	7/19/2021 4:00	0.2219	0.0176	0.2719
617	7/19/2021 4:30	0.2219	0.0176	0.2715
618	7/19/2021 5:00	0.2216	0.0176	0.2719
619	7/19/2021 5:30	0.2219	0.0176	0.2715
620	7/19/2021 6:00	0.2219	0.0176	0.2715
621	7/19/2021 6:30	0.2219	0.0176	0.2715
622	7/19/2021 7:00	0.2219	0.0166	0.2715
623	7/19/2021 7:30	0.2219	0.0166	0.2719
624	7/19/2021 8:00	0.2219	0.0176	0.2715
625	7/19/2021 8:30	0.2219	0.0166	0.2719
626	7/19/2021 9:00	0.2219	0.0176	0.2715
627	7/19/2021 9:30	0.2224	0.0176	0.2715
628	7/19/2021 10:00	0.2224	0.0176	0.2715
629	7/19/2021 10:30	0.2219	0.0186	0.2715
630	7/19/2021 11:00	0.2224	0.019	0.2715
631	7/19/2021 11:30	0.2224	0.02	0.2715
632	7/19/2021 12:00	0.2219	0.02	0.2712
633	7/19/2021 12:30	0.2219	0.0205	0.2712
634	7/19/2021 13:00	0.2224	0.0214	0.2715
635	7/19/2021 13:30	0.2219	0.0214	0.2712
636	7/19/2021 14:00	0.2219	0.0214	0.2712
637	7/19/2021 14:30	0.2216	0.0224	0.2715
638	7/19/2021 15:00	0.2219	0.0228	0.2712
639	7/19/2021 15:30	0.2219	0.0238	0.2712
640	7/19/2021 16:00	0.2216	0.0238	0.2712
641	7/19/2021 16:30	0.2216	0.0238	0.2712
642	7/19/2021 17:00	0.2216	0.0247	0.2712
643	7/19/2021 17:30	0.2216	0.0238	0.2708
644	7/19/2021 18:00	0.2216	0.0238	0.2708
645	7/19/2021 18:30	0.2216	0.0238	0.2708
646	7/19/2021 19:00	0.2211	0.0228	0.2708
647	7/19/2021 19:30	0.2216	0.0224	0.2705
648	7/19/2021 20:00	0.2211	0.0224	0.2705
649	7/19/2021 20:30	0.2211	0.0214	0.2705
650	7/19/2021 21:00	0.2216	0.0205	0.2705
651	7/19/2021 21:30	0.2216	0.0205	0.2705
652	7/19/2021 22:00	0.2216	0.02	0.2705
653	7/19/2021 22:30	0.2216	0.02	0.2705
654	7/19/2021 23:00	0.2216	0.019	0.2705
655	7/19/2021 23:30	0.2216	0.019	0.2705
656	7/20/2021 0:00	0.2211	0.019	0.2705
657	7/20/2021 0:30	0.2216	0.019	0.2705
658	7/20/2021 1:00	0.2211	0.019	0.2705
659	7/20/2021 1:30	0.2211	0.0186	0.2705
660	7/20/2021 2:00	0.2211	0.0186	0.2705
661	7/20/2021 2:30	0.2211	0.0176	0.2701
662	7/20/2021 3:00	0.2211	0.0176	0.2705
663	7/20/2021 3:30	0.2211	0.0176	0.2705
664	7/20/2021 4:00	0.2208	0.0176	0.2705
665	7/20/2021 4:30	0.2211	0.0176	0.2705
666	7/20/2021 5:00	0.2216	0.0176	0.2705
667	7/20/2021 5:30	0.2211	0.0166	0.2705
668	7/20/2021 6:00	0.2211	0.0176	0.2705
669	7/20/2021 6:30	0.2211	0.0176	0.2705
670	7/20/2021 7:00	0.2211	0.0166	0.2705
671	7/20/2021 7:30	0.2211	0.0166	0.2705
672	7/20/2021 8:00	0.2211	0.0166	0.2705
673	7/20/2021 8:30	0.2211	0.0166	0.2705
674	7/20/2021 9:00	0.2216	0.0176	0.2705
675	7/20/2021 9:30	0.2216	0.0176	0.2705
676	7/20/2021 10:00	0.2216	0.0176	0.2705
677	7/20/2021 10:30	0.2216	0.0186	0.2705
678	7/20/2021 11:00	0.2219	0.0186	0.2705
679	7/20/2021 11:30	0.2216	0.019	0.2705
680	7/20/2021 12:00	0.2216	0.019	0.2705
681	7/20/2021 12:30	0.2216	0.0205	0.2701
682	7/20/2021 13:00	0.2211	0.0205	0.2701
683	7/20/2021 13:30	0.2211	0.0214	0.2698
684	7/20/2021 14:00	0.2211	0.0224	0.2701
685	7/20/2021 14:30	0.2211	0.0224	0.2701
686	7/20/2021 15:00	0.2211	0.0238	0.2701
687	7/20/2021 15:30	0.2211	0.0238	0.2698
688	7/20/2021 16:00	0.2211	0.0238	0.2701
689	7/20/2021 16:30	0.2211	0.0247	0.2698
690	7/20/2021 17:00	0.2208	0.0238	0.2698
691	7/20/2021 17:30	0.2208	0.0228	0.2694
692	7/20/2021 18:00	0.2211	0.0238	0.2694
693	7/20/2021 18:30	0.2208	0.0228	0.2691
694	7/20/2021 19:00	0.2203	0.0224	0.2694
695	7/20/2021 19:30	0.2208	0.0224	0.2694
696	7/20/2021 20:00	0.2208	0.0205	0.2691
697	7/20/2021 20:30	0.2208	0.0205	0.2694
698	7/20/2021 21:00	0.2208	0.02	0.2691
699	7/20/2021 21:30	0.2203	0.02	0.2691
700	7/20/2021 22:00	0.2203	0.019	0.2691
701	7/20/2021 22:30	0.2203	0.0186	0.2691
702	7/20/2021 23:00	0.2203	0.0176	0.2691
703	7/20/2021 23:30	0.2203	0.0176	0.2691
704	7/21/2021 0:00	0.2203	0.0176	0.2691
705	7/21/2021 0:30	0.2203	0.0166	0.2691
706	7/21/2021 1:00	0.2198	0.0161	0.2691
707	7/21/2021 1:30	0.2203	0.0166	0.2691
708	7/21/2021 2:00	0.2203	0.0161	0.2691
709	7/21/2021 2:30	0.2203	0.0161	0.2691
710	7/21/2021 3:00	0.2203	0.0161	0.2691
711	7/21/2021 3:30	0.2203	0.0152	0.2691
712	7/21/2021 4:00	0.2203	0.0152	0.2691
713	7/21/2021 4:30	0.2203	0.0152	0.2691
714	7/21/2021 5:00	0.2203	0.0147	0.2691
715	7/21/2021 5:30	0.2198	0.0147	0.2691
716	7/21/2021 6:00	0.2198	0.0152	0.2691
717	7/21/2021 6:30	0.2198	0.0147	0.2691
718	7/21/2021 7:00	0.2203	0.0147	0.2691
719	7/21/2021 7:30	0.2203	0.0147	0.2691
720	7/21/2021 8:00	0.2203	0.0147	0.2691
721	7/21/2021 8:30	0.2203	0.0147	0.2691
722	7/21/2021 9:00	0.2208	0.0147	0.2691
723	7/21/2021 9:30	0.2208	0.0152	0.2694
724	7/21/2021 10:00	0.2208	0.0152	0.2694
725	7/21/2021 10:30	0.2208	0.0152	0.2691
726	7/21/2021 11:00	0.2208	0.0161	0.2691
727	7/21/2021 11:30	0.2208	0.0166	0.2691
728	7/21/2021 12:00	0.2211	0.0176	0.2691
729	7/21/2021 12:30	0.2208	0.0186	0.2687
730	7/21/2021 13:00	0.2208	0.019	0.2687
731	7/21/2021 13:30	0.2203	0.02	0.2687
732	7/21/2021 14:00	0.2208	0.02	0.2687
733	7/21/2021 14:30	0.2203	0.0205	0.2687
734	7/21/2021 15:00	0.2203	0.0214	0.2687
735	7/21/2021 15:30	0.2203	0.0224	0.2687
736	7/21/2021 16:00	0.2203	0.0224	0.2687
737	7/21/2021 16:30	0.2203	0.0224	0.2687
738	7/21/2021 17:00	0.2203	0.0224	0.2687
739	7/21/2021 17:30	0.2198	0.0214	0.2684
740	7/21/2021 18:00	0.2198	0.0224	0.2684
741	7/21/2021 18:30	0.2198	0.0214	0.2684
742	7/21/2021 19:00	0.2198	0.0205	0.268
743	7/21/2021 19:30	0.2203	0.0205	0.268
744	7/21/2021 20:00	0.2198	0.02	0.268
745	7/21/2021 20:30	0.2198	0.02	0.268
746	7/21/2021 21:00	0.2198	0.019	0.268
747	7/21/2021 21:30	0.2198	0.0186	0.268
748	7/21/2021 22:00	0.2198	0.0176	0.268
749	7/21/2021 22:30	0.2198	0.0176	0.268
750	7/21/2021 23:00	0.2195	0.0166	0.268
751	7/21/2021 23:30	0.2198	0.0166	0.268
752	7/22/2021 0:00	0.2195	0.0166	0.268
753	7/22/2021 0:30	0.2198	0.0161	0.268
754	7/22/2021 1:00	0.2195	0.0161	0.268
755	7/22/2021 1:30	0.2198	0.0152	0.268
756	7/22/2021 2:00	0.2198	0.0152	0.268
757	7/22/2021 2:30	0.2195	0.0147	0.2677
758	7/22/2021 3:00	0.2195	0.0147	0.268
759	7/22/2021 3:30	0.2198	0.0147	0.268
760	7/22/2021 4:00	0.2195	0.0147	0.268
761	7/22/2021 4:30	0.2195	0.0147	0.268
762	7/22/2021 5:00	0.2195	0.0147	0.268
763	7/22/2021 5:30	0.2195	0.0137	0.268
764	7/22/2021 6:00	0.2195	0.0137	0.2677
765	7/22/2021 6:30	0.2198	0.0137	0.2677
766	7/22/2021 7:00	0.2198	0.0137	0.268
767	7/22/2021 7:30	0.2198	0.0137	0.268
768	7/22/2021 8:00	0.2198	0.0137	0.268
769	7/22/2021 8:30	0.2198	0.0137	0.268
770	7/22/2021 9:00	0.2203	0.0137	0.268
771	7/22/2021 9:30	0.2198	0.0147	0.268
772	7/22/2021 10:00	0.2198	0.0147	0.268
773	7/22/2021 10:30	0.2198	0.0152	0.268
774	7/22/2021 11:00	0.2203	0.0152	0.268
775	7/22/2021 11:30	0.2203	0.0161	0.268
776	7/22/2021 12:00	0.2203	0.0166	0.268
777	7/22/2021 12:30	0.2203	0.0176	0.268
778	7/22/2021 13:00	0.2203	0.0186	0.268
779	7/22/2021 13:30	0.2203	0.0186	0.268
780	7/22/2021 14:00	0.2203	0.019	0.2677
781	7/22/2021 14:30	0.2198	0.02	0.2677
782	7/22/2021 15:00	0.2203	0.0205	0.2677
783	7/22/2021 15:30	0.2203	0.0205	0.2677
784	7/22/2021 16:00	0.2198	0.0214	0.2673
785	7/22/2021 16:30	0.2198	0.0214	0.2673
786	7/22/2021 17:00	0.2195	0.0224	0.2673
787	7/22/2021 17:30	0.2195	0.0214	0.267
788	7/22/2021 18:00	0.2195	0.0205	0.2673
789	7/22/2021 18:30	0.2195	0.0205	0.2673
790	7/22/2021 19:00	0.2195	0.0205	0.2673
791	7/22/2021 19:30	0.2195	0.02	0.2673
792	7/22/2021 20:00	0.2198	0.019	0.2673
793	7/22/2021 20:30	0.2195	0.0186	0.267
794	7/22/2021 21:00	0.2195	0.0186	0.2673
795	7/22/2021 21:30	0.2195	0.0176	0.267
796	7/22/2021 22:00	0.2195	0.0176	0.267
797	7/22/2021 22:30	0.219	0.0166	0.267
798	7/22/2021 23:00	0.219	0.0166	0.267
799	7/22/2021 23:30	0.219	0.0161	0.267
800	7/23/2021 0:00	0.2195	0.0161	0.267
801	7/23/2021 0:30	0.219	0.0152	0.267
802	7/23/2021 1:00	0.219	0.0152	0.267
803	7/23/2021 1:30	0.219	0.0152	0.267
804	7/23/2021 2:00	0.2195	0.0147	0.267
805	7/23/2021 2:30	0.219	0.0147	0.267
806	7/23/2021 3:00	0.219	0.0147	0.267
807	7/23/2021 3:30	0.219	0.0147	0.267
808	7/23/2021 4:00	0.219	0.0137	0.267
809	7/23/2021 4:30	0.219	0.0137	0.267
810	7/23/2021 5:00	0.219	0.0137	0.267
811	7/23/2021 5:30	0.219	0.0127	0.267
812	7/23/2021 6:00	0.219	0.0127	0.267
813	7/23/2021 6:30	0.2195	0.0127	0.267
814	7/23/2021 7:00	0.219	0.0127	0.267
815	7/23/2021 7:30	0.219	0.0127	0.267
816	7/23/2021 8:00	0.2195	0.0127	0.267
817	7/23/2021 8:30	0.219	0.0137	0.267
818	7/23/2021 9:00	0.2195	0.0137	0.267
819	7/23/2021 9:30	0.2195	0.0137	0.267
820	7/23/2021 10:00	0.2195	0.0137	0.267
821	7/23/2021 10:30	0.2195	0.0147	0.267
822	7/23/2021 11:00	0.2195	0.0147	0.267
823	7/23/2021 11:30	0.2195	0.0147	0.267
824	7/23/2021 12:00	0.2198	0.0147	0.267
825	7/23/2021 12:30	0.2195	0.0147	0.267
826	7/23/2021 13:00	0.2198	0.0147	0.267
827	7/23/2021 13:30	0.2195	0.0152	0.267
828	7/23/2021 14:00	0.2195	0.0161	0.267
829	7/23/2021 14:30	0.2198	0.0161	0.267
830	7/23/2021 15:00	0.2195	0.0166	0.267
831	7/23/2021 15:30	0.2195	0.0166	0.267
832	7/23/2021 16:00	0.2195	0.0166	0.267
833	7/23/2021 16:30	0.2195	0.0166	0.267
834	7/23/2021 17:00	0.2195	0.0166	0.267
835	7/23/2021 17:30	0.2195	0.0166	0.2666
836	7/23/2021 18:00	0.2195	0.0166	0.267
837	7/23/2021 18:30	0.2195	0.0166	0.267
838	7/23/2021 19:00	0.2195	0.0166	0.267
839	7/23/2021 19:30	0.2195	0.0166	0.2666
840	7/23/2021 20:00	0.2195	0.0166	0.2666
841	7/23/2021 20:30	0.219	0.0166	0.2666
842	7/23/2021 21:00	0.219	0.0161	0.2666
843	7/23/2021 21:30	0.2195	0.0161	0.2666
844	7/23/2021 22:00	0.219	0.0152	0.2666
845	7/23/2021 22:30	0.219	0.0152	0.2664
846	7/23/2021 23:00	0.219	0.0152	0.2666
847	7/23/2021 23:30	0.219	0.0152	0.2666
848	7/24/2021 0:00	0.219	0.0152	0.2664
849	7/24/2021 0:30	0.219	0.0147	0.2664
850	7/24/2021 1:00	0.219	0.0152	0.2664
851	7/24/2021 1:30	0.219	0.0152	0.2664
852	7/24/2021 2:00	0.219	0.0147	0.2666
853	7/24/2021 2:30	0.219	0.0147	0.2666
854	7/24/2021 3:00	0.219	0.0147	0.2666
855	7/24/2021 3:30	0.219	0.0147	0.2666
856	7/24/2021 4:00	0.219	0.0147	0.2666
857	7/24/2021 4:30	0.219	0.0147	0.2666
858	7/24/2021 5:00	0.219	0.0147	0.2664
859	7/24/2021 5:30	0.219	0.0147	0.2664
860	7/24/2021 6:00	0.219	0.0147	0.2664
861	7/24/2021 6:30	0.2195	0.0147	0.2666
862	7/24/2021 7:00	0.2195	0.0137	0.2666
863	7/24/2021 7:30	0.2195	0.0137	0.2666
864	7/24/2021 8:00	0.219	0.0147	0.2666
865	7/24/2021 8:30	0.2195	0.0147	0.2664
866	7/24/2021 9:00	0.219	0.0147	0.2664
867	7/24/2021 9:30	0.2195	0.0152	0.2664
868	7/24/2021 10:00	0.2198	0.0152	0.2666
869	7/24/2021 10:30	0.2195	0.0161	0.2666
870	7/24/2021 11:00	0.2195	0.0166	0.2664
871	7/24/2021 11:30	0.2195	0.0166	0.2664
872	7/24/2021 12:00	0.2198	0.0166	0.2664
873	7/24/2021 12:30	0.2195	0.0166	0.2664
874	7/24/2021 13:00	0.2195	0.0176	0.2664
875	7/24/2021 13:30	0.2195	0.0186	0.2664
876	7/24/2021 14:00	0.2195	0.0186	0.2664
877	7/24/2021 14:30	0.2195	0.0186	0.266
878	7/24/2021 15:00	0.2195	0.0186	0.266
879	7/24/2021 15:30	0.2195	0.019	0.266
880	7/24/2021 16:00	0.2195	0.019	0.266
881	7/24/2021 16:30	0.2195	0.019	0.266
882	7/24/2021 17:00	0.2195	0.019	0.266
883	7/24/2021 17:30	0.2195	0.019	0.266
884	7/24/2021 18:00	0.2195	0.019	0.2657
885	7/24/2021 18:30	0.2195	0.0186	0.2657
886	7/24/2021 19:00	0.2195	0.019	0.2657
887	7/24/2021 19:30	0.2195	0.0186	0.2657
888	7/24/2021 20:00	0.2195	0.0186	0.2657
889	7/24/2021 20:30	0.219	0.0186	0.2657
890	7/24/2021 21:00	0.2195	0.0186	0.2657
891	7/24/2021 21:30	0.219	0.0176	0.2657
892	7/24/2021 22:00	0.219	0.0176	0.2657
893	7/24/2021 22:30	0.219	0.0166	0.2657
894	7/24/2021 23:00	0.2185	0.0166	0.2657
895	7/24/2021 23:30	0.219	0.0166	0.2657
896	7/25/2021 0:00	0.2185	0.0166	0.2657
897	7/25/2021 0:30	0.2185	0.0166	0.2657
898	7/25/2021 1:00	0.2185	0.0166	0.2657
899	7/25/2021 1:30	0.219	0.0166	0.2657
900	7/25/2021 2:00	0.219	0.0161	0.2653
901	7/25/2021 2:30	0.219	0.0152	0.2657
902	7/25/2021 3:00	0.219	0.0161	0.2653
903	7/25/2021 3:30	0.219	0.0161	0.2657
904	7/25/2021 4:00	0.219	0.0152	0.2657
905	7/25/2021 4:30	0.219	0.0152	0.2653
906	7/25/2021 5:00	0.2185	0.0152	0.2653
907	7/25/2021 5:30	0.219	0.0152	0.2653
908	7/25/2021 6:00	0.219	0.0152	0.2653
909	7/25/2021 6:30	0.219	0.0152	0.2653
910	7/25/2021 7:00	0.219	0.0152	0.2653
911	7/25/2021 7:30	0.219	0.0152	0.2653
912	7/25/2021 8:00	0.219	0.0152	0.2657
913	7/25/2021 8:30	0.219	0.0152	0.2653
914	7/25/2021 9:00	0.2195	0.0161	0.2653
915	7/25/2021 9:30	0.2195	0.0166	0.2657
916	7/25/2021 10:00	0.2195	0.0161	0.2657
917	7/25/2021 10:30	0.2195	0.0166	0.2657
918	7/25/2021 11:00	0.2195	0.0176	0.2657
919	7/25/2021 11:30	0.219	0.0176	0.2653
920	7/25/2021 12:00	0.2195	0.0186	0.2653
921	7/25/2021 12:30	0.2198	0.0186	0.2653
922	7/25/2021 13:00	0.2195	0.019	0.2653
923	7/25/2021 13:30	0.2195	0.02	0.2653
924	7/25/2021 14:00	0.2195	0.02	0.2653
925	7/25/2021 14:30	0.219	0.0205	0.265
926	7/25/2021 15:00	0.219	0.0205	0.265
927	7/25/2021 15:30	0.219	0.0214	0.265
928	7/25/2021 16:00	0.219	0.0214	0.265
929	7/25/2021 16:30	0.219	0.0214	0.265
930	7/25/2021 17:00	0.219	0.0214	0.2646
931	7/25/2021 17:30	0.219	0.0214	0.2646
932	7/25/2021 18:00	0.219	0.0214	0.2646
933	7/25/2021 18:30	0.219	0.0214	0.2646
934	7/25/2021 19:00	0.219	0.0214	0.2646
935	7/25/2021 19:30	0.2185	0.0214	0.2646
936	7/25/2021 20:00	0.219	0.0205	0.2642
937	7/25/2021 20:30	0.219	0.0205	0.2642
938	7/25/2021 21:00	0.219	0.02	0.2642
939	7/25/2021 21:30	0.219	0.02	0.2646
940	7/25/2021 22:00	0.219	0.02	0.2642
941	7/25/2021 22:30	0.2185	0.019	0.2642
942	7/25/2021 23:00	0.2185	0.019	0.2646
943	7/25/2021 23:30	0.2185	0.0186	0.2646
944	7/26/2021 0:00	0.219	0.0186	0.2642
945	7/26/2021 0:30	0.219	0.0186	0.2642
946	7/26/2021 1:00	0.219	0.0186	0.2642
947	7/26/2021 1:30	0.2185	0.0176	0.2642
948	7/26/2021 2:00	0.219	0.0176	0.2642
949	7/26/2021 2:30	0.219	0.0176	0.2642
950	7/26/2021 3:00	0.2185	0.0176	0.2642
951	7/26/2021 3:30	0.219	0.0176	0.2642
952	7/26/2021 4:00	0.2185	0.0176	0.2642
953	7/26/2021 4:30	0.219	0.0176	0.2642
954	7/26/2021 5:00	0.219	0.0166	0.2646
955	7/26/2021 5:30	0.219	0.0166	0.2642
956	7/26/2021 6:00	0.2185	0.0176	0.2642
957	7/26/2021 6:30	0.2185	0.0166	0.2646
958	7/26/2021 7:00	0.2185	0.0166	0.2642
959	7/26/2021 7:30	0.2185	0.0166	0.2642
960	7/26/2021 8:00	0.219	0.0166	0.2642
961	7/26/2021 8:30	0.219	0.0166	0.2642
962	7/26/2021 9:00	0.219	0.0166	0.2646
963	7/26/2021 9:30	0.219	0.0166	0.2646
964	7/26/2021 10:00	0.2185	0.0176	0.2642
965	7/26/2021 10:30	0.219	0.0176	0.2642
966	7/26/2021 11:00	0.219	0.0186	0.2642
967	7/26/2021 11:30	0.219	0.0186	0.2642
968	7/26/2021 12:00	0.219	0.0186	0.2642
969	7/26/2021 12:30	0.219	0.019	0.2642
970	7/26/2021 13:00	0.219	0.019	0.2642
971	7/26/2021 13:30	0.219	0.02	0.2639
972	7/26/2021 14:00	0.219	0.02	0.2639
973	7/26/2021 14:30	0.2185	0.02	0.2639
974	7/26/2021 15:00	0.2185	0.0214	0.2639
975	7/26/2021 15:30	0.2185	0.0214	0.2635
976	7/26/2021 16:00	0.219	0.0214	0.2635
977	7/26/2021 16:30	0.219	0.0205	0.2635
978	7/26/2021 17:00	0.2185	0.0205	0.2635
979	7/26/2021 17:30	0.2185	0.0205	0.2635
980	7/26/2021 18:00	0.219	0.0205	0.2635
981	7/26/2021 18:30	0.2185	0.0205	0.2635
982	7/26/2021 19:00	0.2185	0.02	0.2635
983	7/26/2021 19:30	0.2185	0.02	0.2635
984	7/26/2021 20:00	0.2185	0.02	0.2632
985	7/26/2021 20:30	0.2185	0.02	0.2635
986	7/26/2021 21:00	0.2185	0.019	0.2635
987	7/26/2021 21:30	0.2185	0.019	0.2635
988	7/26/2021 22:00	0.2185	0.0186	0.2635
989	7/26/2021 22:30	0.219	0.0186	0.2635
990	7/26/2021 23:00	0.2185	0.0186	0.2635
991	7/26/2021 23:30	0.2185	0.0186	0.2635
992	7/27/2021 0:00	0.219	0.0186	0.2635
993	7/27/2021 0:30	0.2185	0.0186	0.2635
994	7/27/2021 1:00	0.2185	0.0186	0.2635
995	7/27/2021 1:30	0.219	0.0186	0.2635
996	7/27/2021 2:00	0.2185	0.0176	0.2635
997	7/27/2021 2:30	0.219	0.0176	0.2635
998	7/27/2021 3:00	0.2185	0.0176	0.2635
999	7/27/2021 3:30	0.2185	0.0176	0.2635
1000	7/27/2021 4:00	0.2185	0.0176	0.2635
1001	7/27/2021 4:30	0.2185	0.0176	0.2635
1002	7/27/2021 5:00	0.2185	0.0176	0.2635
1003	7/27/2021 5:30	0.2185	0.0176	0.2635
1004	7/27/2021 6:00	0.2185	0.0176	0.2632
1005	7/27/2021 6:30	0.2185	0.0176	0.2632
1006	7/27/2021 7:00	0.219	0.0176	0.2632
1007	7/27/2021 7:30	0.219	0.0176	0.2635
1008	7/27/2021 8:00	0.219	0.0166	0.2635
1009	7/27/2021 8:30	0.2185	0.0166	0.2635
1010	7/27/2021 9:00	0.219	0.0176	0.2635
1011	7/27/2021 9:30	0.2185	0.0176	0.2635
1012	7/27/2021 10:00	0.2185	0.0176	0.2635
1013	7/27/2021 10:30	0.219	0.0176	0.2635
1014	7/27/2021 11:00	0.219	0.0176	0.2635
1015	7/27/2021 11:30	0.219	0.0186	0.2635
1016	7/27/2021 12:00	0.219	0.0186	0.2635
1017	7/27/2021 12:30	0.219	0.0186	0.2635
1018	7/27/2021 13:00	0.219	0.0186	0.2635
1019	7/27/2021 13:30	0.219	0.0186	0.2635
1020	7/27/2021 14:00	0.2185	0.0186	0.2632
1021	7/27/2021 14:30	0.219	0.0186	0.2632
1022	7/27/2021 15:00	0.219	0.0186	0.2635
1023	7/27/2021 15:30	0.219	0.0186	0.2635
1024	7/27/2021 16:00	0.219	0.0186	0.2632
1025	7/27/2021 16:30	0.219	0.019	0.2635
1026	7/27/2021 17:00	0.219	0.019	0.2635
1027	7/27/2021 17:30	0.219	0.019	0.2635
1028	7/27/2021 18:00	0.2185	0.019	0.2635
1029	7/27/2021 18:30	0.2185	0.019	0.2635
1030	7/27/2021 19:00	0.219	0.019	0.2632
1031	7/27/2021 19:30	0.219	0.019	0.2635
1032	7/27/2021 20:00	0.2185	0.019	0.2632
1033	7/27/2021 20:30	0.2185	0.019	0.2635
1034	7/27/2021 21:00	0.2185	0.019	0.2635
1035	7/27/2021 21:30	0.2185	0.0186	0.2635
1036	7/27/2021 22:00	0.2185	0.0186	0.2632
1037	7/27/2021 22:30	0.2185	0.0176	0.2632
1038	7/27/2021 23:00	0.2185	0.0176	0.2632
1039	7/27/2021 23:30	0.2185	0.0176	0.2632
1040	7/28/2021 0:00	0.2185	0.0176	0.2635
1041	7/28/2021 0:30	0.2185	0.0176	0.2635
1042	7/28/2021 1:00	0.2185	0.0176	0.2635
1043	7/28/2021 1:30	0.2182	0.0166	0.2635
1044	7/28/2021 2:00	0.2182	0.0166	0.2632
1045	7/28/2021 2:30	0.2182	0.0166	0.2635
1046	7/28/2021 3:00	0.2182	0.0161	0.2635
1047	7/28/2021 3:30	0.2182	0.0166	0.2635
1048	7/28/2021 4:00	0.2185	0.0161	0.2635
1049	7/28/2021 4:30	0.2185	0.0161	0.2635
1050	7/28/2021 5:00	0.2185	0.0166	0.2635
1051	7/28/2021 5:30	0.2185	0.0161	0.2635
1052	7/28/2021 6:00	0.2185	0.0161	0.2632
1053	7/28/2021 6:30	0.2182	0.0161	0.2635
1054	7/28/2021 7:00	0.2185	0.0161	0.2635
1055	7/28/2021 7:30	0.2185	0.0166	0.2635
1056	7/28/2021 8:00	0.2185	0.0161	0.2635
1057	7/28/2021 8:30	0.2185	0.0166	0.2635
1058	7/28/2021 9:00	0.219	0.0166	0.2632
1059	7/28/2021 9:30	0.2185	0.0166	0.2632
1060	7/28/2021 10:00	0.2185	0.0176	0.2635
1061	7/28/2021 10:30	0.219	0.0176	0.2632
1062	7/28/2021 11:00	0.219	0.0186	0.2635
1063	7/28/2021 11:30	0.2185	0.019	0.2635
1064	7/28/2021 12:00	0.219	0.02	0.2635
1065	7/28/2021 12:30	0.219	0.0205	0.2632
1066	7/28/2021 13:00	0.219	0.0205	0.2632
1067	7/28/2021 13:30	0.219	0.0214	0.2628
1068	7/28/2021 14:00	0.219	0.0224	0.2632
1069	7/28/2021 14:30	0.2185	0.0224	0.2628
1070	7/28/2021 15:00	0.2185	0.0228	0.2628
1071	7/28/2021 15:30	0.219	0.0238	0.2628
1072	7/28/2021 16:00	0.2185	0.0238	0.2628
1073	7/28/2021 16:30	0.2185	0.0238	0.2628
1074	7/28/2021 17:00	0.2185	0.0238	0.2624
1075	7/28/2021 17:30	0.2185	0.0247	0.2624
1076	7/28/2021 18:00	0.2185	0.0247	0.2624
1077	7/28/2021 18:30	0.2185	0.0247	0.2621
1078	7/28/2021 19:00	0.2185	0.0238	0.2621
1079	7/28/2021 19:30	0.2185	0.0238	0.2621
1080	7/28/2021 20:00	0.2182	0.0228	0.2621
1081	7/28/2021 20:30	0.2185	0.0228	0.2618
1082	7/28/2021 21:00	0.2185	0.0228	0.2618
1083	7/28/2021 21:30	0.2182	0.0224	0.2618
1084	7/28/2021 22:00	0.2182	0.0224	0.2618
1085	7/28/2021 22:30	0.2182	0.0224	0.2618
1086	7/28/2021 23:00	0.2185	0.0214	0.2618
1087	7/28/2021 23:30	0.2185	0.0214	0.2621
1088	7/29/2021 0:00	0.2182	0.0214	0.2618
1089	7/29/2021 0:30	0.2182	0.0205	0.2618
1090	7/29/2021 1:00	0.2177	0.0205	0.2618
1091	7/29/2021 1:30	0.2177	0.0205	0.2618
1092	7/29/2021 2:00	0.2182	0.0205	0.2618
1093	7/29/2021 2:30	0.2182	0.02	0.2621
1094	7/29/2021 3:00	0.2182	0.02	0.2618
1095	7/29/2021 3:30	0.2182	0.02	0.2618
1096	7/29/2021 4:00	0.2182	0.02	0.2618
1097	7/29/2021 4:30	0.2182	0.02	0.2618
1098	7/29/2021 5:00	0.2182	0.02	0.2618
1099	7/29/2021 5:30	0.2182	0.02	0.2621
1100	7/29/2021 6:00	0.2177	0.02	0.2621
1101	7/29/2021 6:30	0.2182	0.02	0.2621
1102	7/29/2021 7:00	0.2185	0.02	0.2618
1103	7/29/2021 7:30	0.2185	0.02	0.2621
1104	7/29/2021 8:00	0.2185	0.02	0.2621
1105	7/29/2021 8:30	0.2185	0.0205	0.2618
1106	7/29/2021 9:00	0.2185	0.0205	0.2618
1107	7/29/2021 9:30	0.2185	0.0205	0.2621
1108	7/29/2021 10:00	0.2185	0.0214	0.2621
1109	7/29/2021 10:30	0.2185	0.0214	0.2618
1110	7/29/2021 11:00	0.2185	0.0214	0.2621
1111	7/29/2021 11:30	0.219	0.0228	0.2621
1112	7/29/2021 12:00	0.2185	0.0228	0.2618
1113	7/29/2021 12:30	0.2185	0.0238	0.2618
1114	7/29/2021 13:00	0.2185	0.0247	0.2618
1115	7/29/2021 13:30	0.2185	0.0247	0.2615
1116	7/29/2021 14:00	0.2185	0.0247	0.2615
1117	7/29/2021 14:30	0.2185	0.0247	0.2615
1118	7/29/2021 15:00	0.2185	0.0247	0.2615
1119	7/29/2021 15:30	0.2185	0.0252	0.2615
1120	7/29/2021 16:00	0.2182	0.0247	0.2611
1121	7/29/2021 16:30	0.2185	0.0247	0.2611
1122	7/29/2021 17:00	0.2185	0.0247	0.2611
1123	7/29/2021 17:30	0.2185	0.0247	0.2615
1124	7/29/2021 18:00	0.2185	0.0247	0.2615
1125	7/29/2021 18:30	0.2185	0.0247	0.2615
1126	7/29/2021 19:00	0.2185	0.0247	0.2615
1127	7/29/2021 19:30	0.2185	0.0247	0.2611
1128	7/29/2021 20:00	0.2185	0.0247	0.2611
1129	7/29/2021 20:30	0.2185	0.0238	0.2615
1130	7/29/2021 21:00	0.2185	0.0238	0.2615
1131	7/29/2021 21:30	0.2185	0.0238	0.2611
1132	7/29/2021 22:00	0.2182	0.0238	0.2611
1133	7/29/2021 22:30	0.2185	0.0238	0.2611
1134	7/29/2021 23:00	0.2185	0.0238	0.2611
1135	7/29/2021 23:30	0.2182	0.0228	0.2611
1136	7/30/2021 0:00	0.2185	0.0228	0.2611
1137	7/30/2021 0:30	0.2185	0.0228	0.2615
1138	7/30/2021 1:00	0.2185	0.0228	0.2615
1139	7/30/2021 1:30	0.2182	0.0228	0.2615
1140	7/30/2021 2:00	0.2182	0.0228	0.2615
1141	7/30/2021 2:30	0.2185	0.0224	0.2611
1142	7/30/2021 3:00	0.2182	0.0224	0.2611
1143	7/30/2021 3:30	0.2182	0.0224	0.2611
1144	7/30/2021 4:00	0.2182	0.0224	0.2611
1145	7/30/2021 4:30	0.2182	0.0224	0.2611
1146	7/30/2021 5:00	0.2182	0.0224	0.2611
1147	7/30/2021 5:30	0.2182	0.0224	0.2611
1148	7/30/2021 6:00	0.2182	0.0224	0.2611
1149	7/30/2021 6:30	0.2182	0.0214	0.2611
1150	7/30/2021 7:00	0.2177	0.0214	0.2611
1151	7/30/2021 7:30	0.2177	0.0214	0.2607
1152	7/30/2021 8:00	0.2182	0.0214	0.2611
1153	7/30/2021 8:30	0.2185	0.0214	0.2611
1154	7/30/2021 9:00	0.2182	0.0224	0.2611
1155	7/30/2021 9:30	0.2182	0.0224	0.2611
1156	7/30/2021 10:00	0.2185	0.0224	0.2611
1157	7/30/2021 10:30	0.2182	0.0228	0.2615
1158	7/30/2021 11:00	0.2185	0.0228	0.2611
1159	7/30/2021 11:30	0.2182	0.0238	0.2611
1160	7/30/2021 12:00	0.2185	0.0238	0.2611
1161	7/30/2021 12:30	0.2182	0.0238	0.2607
1162	7/30/2021 13:00	0.2185	0.0238	0.2611
1163	7/30/2021 13:30	0.2185	0.0247	0.2611
1164	7/30/2021 14:00	0.2185	0.0247	0.2607
1165	7/30/2021 14:30	0.2185	0.0252	0.2607
1166	7/30/2021 15:00	0.2185	0.0247	0.2604
1167	7/30/2021 15:30	0.2185	0.0252	0.2604
1168	7/30/2021 16:00	0.2185	0.0252	0.2607
1169	7/30/2021 16:30	0.2182	0.0261	0.2604
1170	7/30/2021 17:00	0.2182	0.0252	0.2604
1171	7/30/2021 17:30	0.2182	0.0252	0.2604
1172	7/30/2021 18:00	0.2182	0.0252	0.2604
1173	7/30/2021 18:30	0.2182	0.0252	0.26
1174	7/30/2021 19:00	0.2182	0.0261	0.2604
1175	7/30/2021 19:30	0.2182	0.0261	0.26
1176	7/30/2021 20:00	0.2182	0.0252	0.26
1177	7/30/2021 20:30	0.2182	0.0247	0.26
1178	7/30/2021 21:00	0.2182	0.0247	0.26
1179	7/30/2021 21:30	0.2182	0.0247	0.26
1180	7/30/2021 22:00	0.2182	0.0247	0.26
1181	7/30/2021 22:30	0.2185	0.0247	0.26
1182	7/30/2021 23:00	0.2182	0.0238	0.26
1183	7/30/2021 23:30	0.2182	0.0247	0.26
1184	7/31/2021 0:00	0.2182	0.0238	0.26
1185	7/31/2021 0:30	0.2182	0.0238	0.26
1186	7/31/2021 1:00	0.2182	0.0238	0.26
1187	7/31/2021 1:30	0.2177	0.0238	0.26
1188	7/31/2021 2:00	0.2182	0.0228	0.26
1189	7/31/2021 2:30	0.2182	0.0228	0.26
1190	7/31/2021 3:00	0.2182	0.0228	0.2604
1191	7/31/2021 3:30	0.2182	0.0228	0.26
1192	7/31/2021 4:00	0.2182	0.0228	0.26
1193	7/31/2021 4:30	0.2182	0.0228	0.26
1194	7/31/2021 5:00	0.2182	0.0228	0.26
1195	7/31/2021 5:30	0.2182	0.0228	0.26
1196	7/31/2021 6:00	0.2182	0.0224	0.26
1197	7/31/2021 6:30	0.2182	0.0228	0.26
1198	7/31/2021 7:00	0.2182	0.0224	0.26
1199	7/31/2021 7:30	0.2182	0.0224	0.2604
1200	7/31/2021 8:00	0.2182	0.0228	0.2604
1201	7/31/2021 8:30	0.2182	0.0228	0.2604
1202	7/31/2021 9:00	0.2185	0.0228	0.2604
1203	7/31/2021 9:30	0.2182	0.0228	0.2604
1204	7/31/2021 10:00	0.2182	0.0228	0.2604
1205	7/31/2021 10:30	0.2182	0.0228	0.26
1206	7/31/2021 11:00	0.2182	0.0238	0.2604
1207	7/31/2021 11:30	0.2185	0.0247	0.26
1208	7/31/2021 12:00	0.2185	0.0252	0.26
1209	7/31/2021 12:30	0.2182	0.0252	0.2596
1210	7/31/2021 13:00	0.2177	0.0261	0.2596
1211	7/31/2021 13:30	0.2182	0.027	0.2596
1212	7/31/2021 14:00	0.2177	0.0274	0.2596
1213	7/31/2021 14:30	0.2177	0.0274	0.2596
1214	7/31/2021 15:00	0.2182	0.0283	0.2592
1215	7/31/2021 15:30	0.2177	0.0283	0.2592
1216	7/31/2021 16:00	0.2182	0.0283	0.2589
1217	7/31/2021 16:30	0.2177	0.0283	0.2589
1218	7/31/2021 17:00	0.2182	0.0283	0.2589
1219	7/31/2021 17:30	0.2177	0.0283	0.2589
1220	7/31/2021 18:00	0.2177	0.0283	0.2585
1221	7/31/2021 18:30	0.2174	0.0283	0.2585
1222	7/31/2021 19:00	0.2177	0.0274	0.2585
1223	7/31/2021 19:30	0.2174	0.0274	0.2585
1224	7/31/2021 20:00	0.2174	0.027	0.2582
1225	7/31/2021 20:30	0.2174	0.027	0.2582
1226	7/31/2021 21:00	0.2174	0.0261	0.2585
1227	7/31/2021 21:30	0.2174	0.0252	0.2585
1228	7/31/2021 22:00	0.2174	0.0252	0.2585
1229	7/31/2021 22:30	0.2174	0.0247	0.2585
1230	7/31/2021 23:00	0.2174	0.0247	0.2585
1231	7/31/2021 23:30	0.2174	0.0238	0.2585
1232	8/1/2021 0:00	0.2174	0.0238	0.2585
1233	8/1/2021 0:30	0.2174	0.0238	0.2585
1234	8/1/2021 1:00	0.2174	0.0238	0.2585
1235	8/1/2021 1:30	0.2174	0.0228	0.2585
1236	8/1/2021 2:00	0.2174	0.0228	0.2589
1237	8/1/2021 2:30	0.2174	0.0228	0.2585
1238	8/1/2021 3:00	0.2174	0.0224	0.2585
1239	8/1/2021 3:30	0.2174	0.0224	0.2589
1240	8/1/2021 4:00	0.2174	0.0224	0.2585
1241	8/1/2021 4:30	0.2174	0.0224	0.2589
1242	8/1/2021 5:00	0.2174	0.0224	0.2585
1243	8/1/2021 5:30	0.2174	0.0224	0.2585
1244	8/1/2021 6:00	0.2174	0.0214	0.2585
1245	8/1/2021 6:30	0.2174	0.0214	0.2589
1246	8/1/2021 7:00	0.2174	0.0214	0.2589
1247	8/1/2021 7:30	0.2174	0.0214	0.2589
1248	8/1/2021 8:00	0.2174	0.0214	0.2589
1249	8/1/2021 8:30	0.2174	0.0214	0.2589
1250	8/1/2021 9:00	0.2177	0.0214	0.2589
1251	8/1/2021 9:30	0.2177	0.0224	0.2589
1252	8/1/2021 10:00	0.2177	0.0224	0.2589
1253	8/1/2021 10:30	0.2177	0.0224	0.2589
1254	8/1/2021 11:00	0.2177	0.0224	0.2585
1255	8/1/2021 11:30	0.2177	0.0228	0.2585
1256	8/1/2021 12:00	0.2177	0.0238	0.2585
1257	8/1/2021 12:30	0.2177	0.0238	0.2585
1258	8/1/2021 13:00	0.2177	0.0247	0.2582
1259	8/1/2021 13:30	0.2177	0.0247	0.2582
1260	8/1/2021 14:00	0.2177	0.0252	0.2582
1261	8/1/2021 14:30	0.2177	0.0252	0.2582
1262	8/1/2021 15:00	0.2177	0.0252	0.2579
1263	8/1/2021 15:30	0.2177	0.0261	0.2582
1264	8/1/2021 16:00	0.2177	0.0261	0.2579
1265	8/1/2021 16:30	0.2174	0.0261	0.2579
1266	8/1/2021 17:00	0.2177	0.0261	0.2575
1267	8/1/2021 17:30	0.2174	0.0261	0.2575
1268	8/1/2021 18:00	0.2174	0.027	0.2575
1269	8/1/2021 18:30	0.2174	0.0261	0.2575
1270	8/1/2021 19:00	0.2169	0.0261	0.2575
1271	8/1/2021 19:30	0.2174	0.0261	0.2571
1272	8/1/2021 20:00	0.2174	0.0252	0.2571
1273	8/1/2021 20:30	0.2174	0.0247	0.2571
1274	8/1/2021 21:00	0.2169	0.0247	0.2571
1275	8/1/2021 21:30	0.2169	0.0238	0.2571
1276	8/1/2021 22:00	0.2169	0.0228	0.2571
1277	8/1/2021 22:30	0.2169	0.0228	0.2571
1278	8/1/2021 23:00	0.2174	0.0228	0.2571
1279	8/1/2021 23:30	0.2169	0.0224	0.2571
1280	8/2/2021 0:00	0.2169	0.0224	0.2571
1281	8/2/2021 0:30	0.2169	0.0224	0.2571
1282	8/2/2021 1:00	0.2169	0.0214	0.2571
1283	8/2/2021 1:30	0.2169	0.0214	0.2571
1284	8/2/2021 2:00	0.2174	0.0214	0.2575
1285	8/2/2021 2:30	0.2195	0.0252	0.2596
1286	8/2/2021 3:00	0.2229	0.0297	0.2628
1287	8/2/2021 3:30	0.2257	0.0332	0.2657
1288	8/2/2021 4:00	0.2286	0.0363	0.2684
1289	8/2/2021 4:30	0.2303	0.0384	0.2698
1290	8/2/2021 5:00	0.2327	0.0413	0.2722
1291	8/2/2021 5:30	0.2347	0.0434	0.2739
1292	8/2/2021 6:00	0.2371	0.047	0.2763
1293	8/2/2021 6:30	0.2414	0.0509	0.2803
1294	8/2/2021 7:00	0.2464	0.0574	0.285
1295	8/2/2021 7:30	0.2502	0.0621	0.2884
1296	8/2/2021 8:00	0.2505	0.0621	0.2887
1297	8/2/2021 8:30	0.246	0.057	0.2847
1298	8/2/2021 9:00	0.2379	0.047	0.277
1299	8/2/2021 9:30	0.2286	0.0363	0.2684
1300	8/2/2021 10:00	0.2174	0.0214	0.2575
1301	8/2/2021 10:30	0.2174	0.0205	0.2571
1302	8/2/2021 11:00	0.2177	0.0214	0.2571
1303	8/2/2021 11:30	0.2177	0.0214	0.2571
1304	8/2/2021 12:00	0.2174	0.0224	0.2571
1305	8/2/2021 12:30	0.2177	0.0228	0.2567
1306	8/2/2021 13:00	0.2174	0.0228	0.2567
1307	8/2/2021 13:30	0.2174	0.0238	0.2567
1308	8/2/2021 14:00	0.2174	0.0247	0.2567
1309	8/2/2021 14:30	0.2174	0.0247	0.2567
1310	8/2/2021 15:00	0.2174	0.0252	0.2567
1311	8/2/2021 15:30	0.2174	0.0252	0.2567
1312	8/2/2021 16:00	0.2174	0.0252	0.2567
1313	8/2/2021 16:30	0.2174	0.0252	0.2564
1314	8/2/2021 17:00	0.2174	0.0252	0.2564
1315	8/2/2021 17:30	0.2169	0.0252	0.256
1316	8/2/2021 18:00	0.2169	0.0252	0.2557
1317	8/2/2021 18:30	0.2169	0.0252	0.2557
1318	8/2/2021 19:00	0.2868	0.1091	0.3286
1319	8/2/2021 19:30	0.3964	0.1926	0.4899
